Instance,Instance Size,Pivoting Rule,Neighborhood,Initial Solution,Run,Deviation (%),Time (s)
ta053,50,first,transpose,random,1,19.5159,0.9229
ta053,50,first,transpose,random,2,21.0177,0.5425
ta053,50,first,transpose,random,3,19.5768,0.6855
ta053,50,first,transpose,random,4,25.3557,0.559
ta053,50,first,transpose,random,5,24.0179,0.4137
ta053,50,first,transpose,random,6,27.5041,0.4456
ta053,50,first,transpose,random,7,26.022,0.6527
ta053,50,first,transpose,random,8,20.6983,0.7303
ta053,50,first,transpose,random,9,24.5151,0.4724
ta053,50,first,transpose,random,10,18.4546,0.8945
ta053,50,first,transpose,srz,1,5.4483,0.3164
ta053,50,first,transpose,srz,2,5.4483,0.4718
ta053,50,first,transpose,srz,3,5.4483,0.3587
ta053,50,first,transpose,srz,4,5.4483,0.2724
ta053,50,first,transpose,srz,5,5.4483,0.3887
ta053,50,first,transpose,srz,6,5.4483,0.3752
ta053,50,first,transpose,srz,7,5.4483,0.2701
ta053,50,first,transpose,srz,8,5.4483,0.3269
ta053,50,first,transpose,srz,9,5.4483,0.4085
ta053,50,first,transpose,srz,10,5.4483,0.2633
ta053,50,first,exchange,random,1,6.4134,0.6217
ta053,50,first,exchange,random,2,7.7126,0.5022
ta053,50,first,exchange,random,3,7.1991,0.5512
ta053,50,first,exchange,random,4,5.0507,0.527
ta053,50,first,exchange,random,5,6.5903,0.6154
ta053,50,first,exchange,random,6,5.4345,0.8666
ta053,50,first,exchange,random,7,5.7917,0.7655
ta053,50,first,exchange,random,8,6.0459,0.6028
ta053,50,first,exchange,random,9,5.5444,0.6451
ta053,50,first,exchange,random,10,4.7845,0.788
ta053,50,first,exchange,srz,1,3.1943,1.0845
ta053,50,first,exchange,srz,2,3.7069,0.4918
ta053,50,first,exchange,srz,3,4.2453,0.5208
ta053,50,first,exchange,srz,4,4.6549,0.4425
ta053,50,first,exchange,srz,5,4.1354,0.4928
ta053,50,first,exchange,srz,6,4.0177,0.7387
ta053,50,first,exchange,srz,7,3.7936,0.5644
ta053,50,first,exchange,srz,8,3.9696,0.7509
ta053,50,first,exchange,srz,9,4.4582,0.4536
ta053,50,first,exchange,srz,10,3.6974,0.3683
ta053,50,first,insert,random,1,4.5424,1.2345
ta053,50,first,insert,random,2,4.2401,0.5764
ta053,50,first,insert,random,3,3.8168,0.7426
ta053,50,first,insert,random,4,2.3012,1.1431
ta053,50,first,insert,random,5,2.5649,1.8444
ta053,50,first,insert,random,6,3.4304,1.2649
ta053,50,first,insert,random,7,5.2576,0.5755
ta053,50,first,insert,random,8,4.2616,1.3293
ta053,50,first,insert,random,9,4.812,0.9807
ta053,50,first,insert,random,10,5.1417,1.0756
ta053,50,first,insert,srz,1,2.6481,0.5805
ta053,50,first,insert,srz,2,3.2836,0.4342
ta053,50,first,insert,srz,3,3.1831,0.5976
ta053,50,first,insert,srz,4,2.6026,0.4989
ta053,50,first,insert,srz,5,2.4429,1.0882
ta053,50,first,insert,srz,6,1.9586,1.0515
ta053,50,first,insert,srz,7,2.5374,0.8384
ta053,50,first,insert,srz,8,2.2643,0.7233
ta053,50,first,insert,srz,9,2.959,0.9031
ta053,50,first,insert,srz,10,2.5855,0.7901
ta053,50,best,transpose,random,1,33.4676,0.0378
ta053,50,best,transpose,random,2,34.6525,0.0237
ta053,50,best,transpose,random,3,30.7138,0.0775
ta053,50,best,transpose,random,4,29.2343,0.0376
ta053,50,best,transpose,random,5,32.9687,0.0185
ta053,50,best,transpose,random,6,29.4043,0.0199
ta053,50,best,transpose,random,7,31.6077,0.0462
ta053,50,best,transpose,random,8,24.5331,0.0199
ta053,50,best,transpose,random,9,27.7428,0.0213
ta053,50,best,transpose,random,10,29.2026,0.0214
ta053,50,best,transpose,srz,1,5.5608,0.097
ta053,50,best,transpose,srz,2,5.5608,0.1052
ta053,50,best,transpose,srz,3,5.5608,0.0991
ta053,50,best,transpose,srz,4,5.5608,0.0937
ta053,50,best,transpose,srz,5,5.5608,0.1012
ta053,50,best,transpose,srz,6,5.5608,0.091
ta053,50,best,transpose,srz,7,5.5608,0.1011
ta053,50,best,transpose,srz,8,5.5608,0.0882
ta053,50,best,transpose,srz,9,5.5608,0.0923
ta053,50,best,transpose,srz,10,5.5608,0.1051
ta053,50,best,exchange,random,1,29.935,0.8048
ta053,50,best,exchange,random,2,31.2574,0.8147
ta053,50,best,exchange,random,3,24.1931,0.4291
ta053,50,best,exchange,random,4,35.9105,0.5523
ta053,50,best,exchange,random,5,27.6767,0.5698
ta053,50,best,exchange,random,6,29.2275,0.4773
ta053,50,best,exchange,random,7,21.0804,0.2901
ta053,50,best,exchange,random,8,30.4863,0.5622
ta053,50,best,exchange,random,9,26.952,0.3092
ta053,50,best,exchange,random,10,33.3371,0.2848
ta053,50,best,exchange,srz,1,5.5608,0.4525
ta053,50,best,exchange,srz,2,5.5608,0.3909
ta053,50,best,exchange,srz,3,5.5608,0.3565
ta053,50,best,exchange,srz,4,5.5608,0.3571
ta053,50,best,exchange,srz,5,5.5608,0.3407
ta053,50,best,exchange,srz,6,5.5608,0.3431
ta053,50,best,exchange,srz,7,5.5608,0.3442
ta053,50,best,exchange,srz,8,5.5608,0.3662
ta053,50,best,exchange,srz,9,5.5608,0.3606
ta053,50,best,exchange,srz,10,5.5608,0.3543
ta053,50,best,insert,random,1,24.8199,0.4198
ta053,50,best,insert,random,2,32.5711,0.2996
ta053,50,best,insert,random,3,33.9991,0.3047
ta053,50,best,insert,random,4,27.2963,0.4378
ta053,50,best,insert,random,5,29.2489,0.2989
ta053,50,best,insert,random,6,29.1261,0.4209
ta053,50,best,insert,random,7,30.2699,0.285
ta053,50,best,insert,random,8,24.8396,0.4195
ta053,50,best,insert,random,9,25.9894,0.3957
ta053,50,best,insert,random,10,34.2266,0.324
ta053,50,best,insert,srz,1,5.8828,0.5158
ta053,50,best,insert,srz,2,5.8828,0.512
ta053,50,best,insert,srz,3,5.8828,0.4908
ta053,50,best,insert,srz,4,5.8828,0.5986
ta053,50,best,insert,srz,5,5.8828,0.5036
ta053,50,best,insert,srz,6,5.8828,0.5252
ta053,50,best,insert,srz,7,5.8828,0.5319
ta053,50,best,insert,srz,8,5.8828,0.5129
ta053,50,best,insert,srz,9,5.8828,0.514
ta053,50,best,insert,srz,10,5.8828,0.5018
ta060,50,first,transpose,random,1,24.8963,0.9376
ta060,50,first,transpose,random,2,17.3629,0.3993
ta060,50,first,transpose,random,3,15.254,0.5448
ta060,50,first,transpose,random,4,16.0414,0.5456
ta060,50,first,transpose,random,5,20.9586,0.5692
ta060,50,first,transpose,random,6,19.8719,0.5177
ta060,50,first,transpose,random,7,19.7509,0.799
ta060,50,first,transpose,random,8,18.5795,0.7267
ta060,50,first,transpose,random,9,19.8896,0.3074
ta060,50,first,transpose,random,10,19.3023,1.0544
ta060,50,first,transpose,srz,1,6.3983,0.2218
ta060,50,first,transpose,srz,2,6.3983,0.409
ta060,50,first,transpose,srz,3,6.3983,0.2262
ta060,50,first,transpose,srz,4,6.3983,0.2272
ta060,50,first,transpose,srz,5,6.3983,0.234
ta060,50,first,transpose,srz,6,6.3983,0.228
ta060,50,first,transpose,srz,7,6.3983,0.2343
ta060,50,first,transpose,srz,8,6.3983,0.2251
ta060,50,first,transpose,srz,9,6.3983,0.2174
ta060,50,first,transpose,srz,10,6.3983,0.2264
ta060,50,first,exchange,random,1,3.4682,0.6596
ta060,50,first,exchange,random,2,4.2838,0.6179
ta060,50,first,exchange,random,3,4.6558,0.9271
ta060,50,first,exchange,random,4,4.0886,0.7328
ta060,50,first,exchange,random,5,5.5125,0.6646
ta060,50,first,exchange,random,6,4.3056,0.5827
ta060,50,first,exchange,random,7,3.3303,0.7977
ta060,50,first,exchange,random,8,4.8357,0.3686
ta060,50,first,exchange,random,9,5.1697,0.3942
ta060,50,first,exchange,random,10,4.6735,0.5229
ta060,50,first,exchange,srz,1,3.8627,0.7671
ta060,50,first,exchange,srz,2,3.9894,0.4593
ta060,50,first,exchange,srz,3,5.1955,0.4901
ta060,50,first,exchange,srz,4,4.8107,0.4533
ta060,50,first,exchange,srz,5,4.6525,0.8038
ta060,50,first,exchange,srz,6,4.6679,0.617
ta060,50,first,exchange,srz,7,4.154,0.6055
ta060,50,first,exchange,srz,8,4.6275,0.6506
ta060,50,first,exchange,srz,9,4.1693,0.5715
ta060,50,first,exchange,srz,10,4.0128,0.4406
ta060,50,first,insert,random,1,2.9979,1.3499
ta060,50,first,insert,random,2,3.5061,1.071
ta060,50,first,insert,random,3,3.5368,0.7075
ta060,50,first,insert,random,4,4.2419,0.4054
ta060,50,first,insert,random,5,2.5445,1.3862
ta060,50,first,insert,random,6,2.8825,0.9822
ta060,50,first,insert,random,7,2.73,0.756
ta060,50,first,insert,random,8,4.6541,0.5922
ta060,50,first,insert,random,9,4.1959,0.836
ta060,50,first,insert,random,10,3.0205,0.7797
ta060,50,first,insert,srz,1,2.409,0.7232
ta060,50,first,insert,srz,2,2.9043,0.858
ta060,50,first,insert,srz,3,3.5481,0.5245
ta060,50,first,insert,srz,4,3.3892,0.5729
ta060,50,first,insert,srz,5,3.0794,0.6377
ta060,50,first,insert,srz,6,3.2544,0.6302
ta060,50,first,insert,srz,7,2.8704,0.7489
ta060,50,first,insert,srz,8,2.9898,1.0266
ta060,50,first,insert,srz,9,3.7062,0.4035
ta060,50,first,insert,srz,10,3.4101,0.8067
ta060,50,best,transpose,random,1,23.211,0.0348
ta060,50,best,transpose,random,2,26.8979,0.0351
ta060,50,best,transpose,random,3,26.0008,0.065
ta060,50,best,transpose,random,4,28.4468,0.0393
ta060,50,best,transpose,random,5,26.9527,0.0281
ta060,50,best,transpose,random,6,25.9338,0.036
ta060,50,best,transpose,random,7,24.8697,0.0603
ta060,50,best,transpose,random,8,22.2034,0.0248
ta060,50,best,transpose,random,9,24.334,0.0206
ta060,50,best,transpose,random,10,23.261,0.0344
ta060,50,best,transpose,srz,1,6.3983,0.0925
ta060,50,best,transpose,srz,2,6.3983,0.1063
ta060,50,best,transpose,srz,3,6.3983,0.0902
ta060,50,best,transpose,srz,4,6.3983,0.0871
ta060,50,best,transpose,srz,5,6.3983,0.0865
ta060,50,best,transpose,srz,6,6.3983,0.0885
ta060,50,best,transpose,srz,7,6.3983,0.0871
ta060,50,best,transpose,srz,8,6.3983,0.1029
ta060,50,best,transpose,srz,9,6.3983,0.0932
ta060,50,best,transpose,srz,10,6.3983,0.0918
ta060,50,best,exchange,random,1,24.5841,0.4014
ta060,50,best,exchange,random,2,25.3037,0.6775
ta060,50,best,exchange,random,3,22.752,0.5628
ta060,50,best,exchange,random,4,21.4015,0.2784
ta060,50,best,exchange,random,5,28.9616,0.4038
ta060,50,best,exchange,random,6,24.0976,0.5324
ta060,50,best,exchange,random,7,31.3318,0.5917
ta060,50,best,exchange,random,8,26.1387,0.4688
ta060,50,best,exchange,random,9,28.7082,0.4304
ta060,50,best,exchange,random,10,23.6281,0.2847
ta060,50,best,exchange,srz,1,6.5799,0.8111
ta060,50,best,exchange,srz,2,6.5799,0.7077
ta060,50,best,exchange,srz,3,6.5799,0.6252
ta060,50,best,exchange,srz,4,6.5799,0.634
ta060,50,best,exchange,srz,5,6.5799,0.6184
ta060,50,best,exchange,srz,6,6.5799,0.6049
ta060,50,best,exchange,srz,7,6.5799,0.6208
ta060,50,best,exchange,srz,8,6.5799,0.6672
ta060,50,best,exchange,srz,9,6.5799,0.6274
ta060,50,best,exchange,srz,10,6.5799,0.6455
ta060,50,best,insert,random,1,24.6454,0.5735
ta060,50,best,insert,random,2,21.9856,0.4223
ta060,50,best,insert,random,3,25.1803,0.2771
ta060,50,best,insert,random,4,24.7326,0.2845
ta060,50,best,insert,random,5,27.7821,0.3043
ta060,50,best,insert,random,6,23.2707,0.4179
ta060,50,best,insert,random,7,26.6744,0.2973
ta060,50,best,insert,random,8,24.6269,0.423
ta060,50,best,insert,random,9,24.7697,0.5725
ta060,50,best,insert,random,10,23.4579,0.4232
ta060,50,best,insert,srz,1,6.3604,0.3755
ta060,50,best,insert,srz,2,6.3604,0.3565
ta060,50,best,insert,srz,3,6.3604,0.3588
ta060,50,best,insert,srz,4,6.3604,0.3706
ta060,50,best,insert,srz,5,6.3604,0.3866
ta060,50,best,insert,srz,6,6.3604,0.3623
ta060,50,best,insert,srz,7,6.3604,0.3621
ta060,50,best,insert,srz,8,6.3604,0.3923
ta060,50,best,insert,srz,9,6.3604,0.3606
ta060,50,best,insert,srz,10,6.3604,0.3579
ta055,50,first,transpose,random,1,19.3436,0.5774
ta055,50,first,transpose,random,2,21.3641,0.5224
ta055,50,first,transpose,random,3,25.9714,0.5598
ta055,50,first,transpose,random,4,20.7879,0.6985
ta055,50,first,transpose,random,5,18.0473,0.7827
ta055,50,first,transpose,random,6,20.4655,0.4746
ta055,50,first,transpose,random,7,22.5267,0.9191
ta055,50,first,transpose,random,8,21.8168,0.5896
ta055,50,first,transpose,random,9,24.5126,0.6375
ta055,50,first,transpose,random,10,26.2227,0.6425
ta055,50,first,transpose,srz,1,7.6229,0.4516
ta055,50,first,transpose,srz,2,7.6229,0.4107
ta055,50,first,transpose,srz,3,7.6229,0.3117
ta055,50,first,transpose,srz,4,7.6229,0.2943
ta055,50,first,transpose,srz,5,7.6229,0.3766
ta055,50,first,transpose,srz,6,7.6229,0.3802
ta055,50,first,transpose,srz,7,7.6229,0.3189
ta055,50,first,transpose,srz,8,7.6229,0.3741
ta055,50,first,transpose,srz,9,7.6229,0.3382
ta055,50,first,transpose,srz,10,7.6229,0.2575
ta055,50,first,exchange,random,1,6.5203,0.5532
ta055,50,first,exchange,random,2,6.0964,0.6646
ta055,50,first,exchange,random,3,5.868,0.5383
ta055,50,first,exchange,random,4,5.6116,0.716
ta055,50,first,exchange,random,5,5.1826,0.5085
ta055,50,first,exchange,random,6,4.7367,0.5448
ta055,50,first,exchange,random,7,5.6581,0.6371
ta055,50,first,exchange,random,8,7.3233,0.7835
ta055,50,first,exchange,random,9,5.2359,0.6055
ta055,50,first,exchange,random,10,4.8365,0.4934
ta055,50,first,exchange,srz,1,4.0048,0.9202
ta055,50,first,exchange,srz,2,4.7443,0.7679
ta055,50,first,exchange,srz,3,4.4558,0.515
ta055,50,first,exchange,srz,4,5.6192,0.6698
ta055,50,first,exchange,srz,5,5.4017,0.544
ta055,50,first,exchange,srz,6,4.1004,0.7185
ta055,50,first,exchange,srz,7,6.6024,0.3826
ta055,50,first,exchange,srz,8,4.7105,0.4524
ta055,50,first,exchange,srz,9,4.4989,0.6563
ta055,50,first,exchange,srz,10,4.647,0.7557
ta055,50,first,insert,random,1,3.0021,0.7199
ta055,50,first,insert,random,2,3.3143,0.7119
ta055,50,first,insert,random,3,4.1402,0.7467
ta055,50,first,insert,random,4,4.4143,1.0314
ta055,50,first,insert,random,5,2.5156,0.7895
ta055,50,first,insert,random,6,3.0656,1.0117
ta055,50,first,insert,random,7,3.7746,0.6427
ta055,50,first,insert,random,8,2.7711,0.8427
ta055,50,first,insert,random,9,3.7086,0.8619
ta055,50,first,insert,random,10,2.8286,1.1926
ta055,50,first,insert,srz,1,3.8119,0.6799
ta055,50,first,insert,srz,2,2.7728,0.7372
ta055,50,first,insert,srz,3,3.3262,0.8384
ta055,50,first,insert,srz,4,3.2754,0.5798
ta055,50,first,insert,srz,5,3.7408,0.6526
ta055,50,first,insert,srz,6,2.7914,0.735
ta055,50,first,insert,srz,7,2.3895,2.0933
ta055,50,first,insert,srz,8,3.9963,0.7113
ta055,50,first,insert,srz,9,3.7975,1.2306
ta055,50,first,insert,srz,10,2.2423,0.713
ta055,50,best,transpose,random,1,25.8842,0.0354
ta055,50,best,transpose,random,2,25.2082,0.0236
ta055,50,best,transpose,random,3,33.2245,0.0587
ta055,50,best,transpose,random,4,29.6521,0.0447
ta055,50,best,transpose,random,5,31.8799,0.0224
ta055,50,best,transpose,random,6,22.7307,0.0218
ta055,50,best,transpose,random,7,25.3672,0.0199
ta055,50,best,transpose,random,8,27.0417,0.0321
ta055,50,best,transpose,random,9,33.9022,0.0255
ta055,50,best,transpose,random,10,25.3613,0.0276
ta055,50,best,transpose,srz,1,7.9055,0.0873
ta055,50,best,transpose,srz,2,7.9055,0.0907
ta055,50,best,transpose,srz,3,7.9055,0.0884
ta055,50,best,transpose,srz,4,7.9055,0.0868
ta055,50,best,transpose,srz,5,7.9055,0.087
ta055,50,best,transpose,srz,6,7.9055,0.0877
ta055,50,best,transpose,srz,7,7.9055,0.0926
ta055,50,best,transpose,srz,8,7.9055,0.1151
ta055,50,best,transpose,srz,9,7.9055,0.1036
ta055,50,best,transpose,srz,10,7.9055,0.1064
ta055,50,best,exchange,random,1,28.8652,0.4483
ta055,50,best,exchange,random,2,30.2291,0.4273
ta055,50,best,exchange,random,3,31.5762,0.4217
ta055,50,best,exchange,random,4,26.5137,0.5949
ta055,50,best,exchange,random,5,23.8569,0.451
ta055,50,best,exchange,random,6,25.1878,0.7105
ta055,50,best,exchange,random,7,27.0612,0.3175
ta055,50,best,exchange,random,8,29.8094,0.5404
ta055,50,best,exchange,random,9,25.1802,0.3214
ta055,50,best,exchange,random,10,31.2056,0.286
ta055,50,best,exchange,srz,1,7.7777,0.4239
ta055,50,best,exchange,srz,2,7.7777,0.3615
ta055,50,best,exchange,srz,3,7.7777,0.4054
ta055,50,best,exchange,srz,4,7.7777,0.3636
ta055,50,best,exchange,srz,5,7.7777,0.3727
ta055,50,best,exchange,srz,6,7.7777,0.3583
ta055,50,best,exchange,srz,7,7.7777,0.3492
ta055,50,best,exchange,srz,8,7.7777,0.3421
ta055,50,best,exchange,srz,9,7.7777,0.3772
ta055,50,best,exchange,srz,10,7.7777,0.3662
ta055,50,best,insert,random,1,21.8202,0.2968
ta055,50,best,insert,random,2,29.2916,0.4348
ta055,50,best,insert,random,3,25.6033,0.5938
ta055,50,best,insert,random,4,27.5105,0.7212
ta055,50,best,insert,random,5,25.4916,0.2794
ta055,50,best,insert,random,6,25.6778,0.3032
ta055,50,best,insert,random,7,30.3814,0.3262
ta055,50,best,insert,random,8,24.4246,0.4704
ta055,50,best,insert,random,9,27.6848,0.4592
ta055,50,best,insert,random,10,24.3925,0.4181
ta055,50,best,insert,srz,1,7.8014,0.3943
ta055,50,best,insert,srz,2,7.8014,0.3769
ta055,50,best,insert,srz,3,7.8014,0.4505
ta055,50,best,insert,srz,4,7.8014,0.4131
ta055,50,best,insert,srz,5,7.8014,0.3718
ta055,50,best,insert,srz,6,7.8014,0.3706
ta055,50,best,insert,srz,7,7.8014,0.4315
ta055,50,best,insert,srz,8,7.8014,0.3789
ta055,50,best,insert,srz,9,7.8014,0.3902
ta055,50,best,insert,srz,10,7.8014,0.3485
ta058,50,first,transpose,random,1,20.0712,0.4119
ta058,50,first,transpose,random,2,18.9544,1.1785
ta058,50,first,transpose,random,3,18.0155,0.4954
ta058,50,first,transpose,random,4,17.6155,1.1479
ta058,50,first,transpose,random,5,19.0401,0.5757
ta058,50,first,transpose,random,6,16.986,0.5811
ta058,50,first,transpose,random,7,22.224,0.7181
ta058,50,first,transpose,random,8,15.3932,0.7753
ta058,50,first,transpose,random,9,15.5818,0.6666
ta058,50,first,transpose,random,10,18.4923,1.1005
ta058,50,first,transpose,srz,1,5.1588,0.2687
ta058,50,first,transpose,srz,2,5.1588,0.2534
ta058,50,first,transpose,srz,3,5.1588,0.3523
ta058,50,first,transpose,srz,4,5.1588,0.2748
ta058,50,first,transpose,srz,5,5.1588,0.2966
ta058,50,first,transpose,srz,6,5.1588,0.3044
ta058,50,first,transpose,srz,7,5.1588,0.3699
ta058,50,first,transpose,srz,8,5.1588,0.3475
ta058,50,first,transpose,srz,9,5.1588,0.4228
ta058,50,first,transpose,srz,10,5.1588,0.3195
ta058,50,first,exchange,random,1,7.3966,0.4385
ta058,50,first,exchange,random,2,7.7574,0.3732
ta058,50,first,exchange,random,3,8.2579,0.4929
ta058,50,first,exchange,random,4,4.8168,1.1082
ta058,50,first,exchange,random,5,5.4536,0.9887
ta058,50,first,exchange,random,6,4.8576,1.1043
ta058,50,first,exchange,random,7,4.9947,0.4968
ta058,50,first,exchange,random,8,3.931,0.7365
ta058,50,first,exchange,random,9,5.1409,0.62
ta058,50,first,exchange,random,10,4.8372,1.0542
ta058,50,first,exchange,srz,1,4.1865,0.4851
ta058,50,first,exchange,srz,2,4.3939,0.702
ta058,50,first,exchange,srz,3,4.4584,0.3978
ta058,50,first,exchange,srz,4,4.5784,0.3182
ta058,50,first,exchange,srz,5,4.6812,0.3976
ta058,50,first,exchange,srz,6,4.6812,0.4633
ta058,50,first,exchange,srz,7,4.5784,0.3228
ta058,50,first,exchange,srz,8,4.5784,0.385
ta058,50,first,exchange,srz,9,4.3702,0.465
ta058,50,first,exchange,srz,10,4.353,0.4029
ta058,50,first,insert,random,1,3.5979,0.8494
ta058,50,first,insert,random,2,4.509,0.7066
ta058,50,first,insert,random,3,3.0321,0.889
ta058,50,first,insert,random,4,4.4853,0.4842
ta058,50,first,insert,random,5,4.0771,0.8223
ta058,50,first,insert,random,6,3.3244,0.9064
ta058,50,first,insert,random,7,2.9162,1.2489
ta058,50,first,insert,random,8,2.7284,1.0236
ta058,50,first,insert,random,9,4.3661,0.9021
ta058,50,first,insert,random,10,4.5114,0.7654
ta058,50,first,insert,srz,1,3.9571,0.871
ta058,50,first,insert,srz,2,3.2378,0.6836
ta058,50,first,insert,srz,3,2.7872,0.7172
ta058,50,first,insert,srz,4,3.1938,0.6692
ta058,50,first,insert,srz,5,3.6754,0.7097
ta058,50,first,insert,srz,6,4.5776,0.591
ta058,50,first,insert,srz,7,3.7285,0.5271
ta058,50,first,insert,srz,8,2.6247,0.668
ta058,50,first,insert,srz,9,2.5537,0.6105
ta058,50,first,insert,srz,10,3.0533,1.0117
ta058,50,best,transpose,random,1,29.3014,0.0346
ta058,50,best,transpose,random,2,24.3271,0.0315
ta058,50,best,transpose,random,3,25.27,0.0255
ta058,50,best,transpose,random,4,23.6013,0.0175
ta058,50,best,transpose,random,5,22.6584,0.0281
ta058,50,best,transpose,random,6,29.8353,0.0194
ta058,50,best,transpose,random,7,25.1696,0.0175
ta058,50,best,transpose,random,8,24.4153,0.0187
ta058,50,best,transpose,random,9,20.8868,0.0174
ta058,50,best,transpose,random,10,28.3185,0.0191
ta058,50,best,transpose,srz,1,5.2535,0.0945
ta058,50,best,transpose,srz,2,5.2535,0.1584
ta058,50,best,transpose,srz,3,5.2535,0.1536
ta058,50,best,transpose,srz,4,5.2535,0.085
ta058,50,best,transpose,srz,5,5.2535,0.0903
ta058,50,best,transpose,srz,6,5.2535,0.0932
ta058,50,best,transpose,srz,7,5.2535,0.0944
ta058,50,best,transpose,srz,8,5.2535,0.0871
ta058,50,best,transpose,srz,9,5.2535,0.0876
ta058,50,best,transpose,srz,10,5.2535,0.0929
ta058,50,best,exchange,random,1,20.4843,0.4216
ta058,50,best,exchange,random,2,20.001,0.6095
ta058,50,best,exchange,random,3,26.9494,0.5045
ta058,50,best,exchange,random,4,24.4961,0.7732
ta058,50,best,exchange,random,5,27.9682,0.5901
ta058,50,best,exchange,random,6,22.4894,0.3268
ta058,50,best,exchange,random,7,25.7697,0.2907
ta058,50,best,exchange,random,8,19.3821,0.3068
ta058,50,best,exchange,random,9,24.8626,0.2904
ta058,50,best,exchange,random,10,24.6724,0.4453
ta058,50,best,exchange,srz,1,5.3278,0.6691
ta058,50,best,exchange,srz,2,5.3278,0.6812
ta058,50,best,exchange,srz,3,5.3278,0.7885
ta058,50,best,exchange,srz,4,5.3278,0.6908
ta058,50,best,exchange,srz,5,5.3278,0.6784
ta058,50,best,exchange,srz,6,5.3278,0.6941
ta058,50,best,exchange,srz,7,5.3278,0.6929
ta058,50,best,exchange,srz,8,5.3278,0.6972
ta058,50,best,exchange,srz,9,5.3278,0.694
ta058,50,best,exchange,srz,10,5.3278,0.7076
ta058,50,best,insert,random,1,25.3623,0.3871
ta058,50,best,insert,random,2,26.1264,0.3647
ta058,50,best,insert,random,3,23.6846,0.3438
ta058,50,best,insert,random,4,28.9193,0.3067
ta058,50,best,insert,random,5,28.2736,0.3258
ta058,50,best,insert,random,6,22.8592,0.3234
ta058,50,best,insert,random,7,27.3143,0.3401
ta058,50,best,insert,random,8,25.5607,0.363
ta058,50,best,insert,random,9,25.795,0.3404
ta058,50,best,insert,random,10,23.0796,0.4981
ta058,50,best,insert,srz,1,5.3654,0.4049
ta058,50,best,insert,srz,2,5.3654,0.4213
ta058,50,best,insert,srz,3,5.3654,0.421
ta058,50,best,insert,srz,4,5.3654,0.3988
ta058,50,best,insert,srz,5,5.3654,0.4342
ta058,50,best,insert,srz,6,5.3654,0.4035
ta058,50,best,insert,srz,7,5.3654,0.4267
ta058,50,best,insert,srz,8,5.3654,0.4166
ta058,50,best,insert,srz,9,5.3654,0.4201
ta058,50,best,insert,srz,10,5.3654,0.4248
ta051,50,first,transpose,random,1,14.8239,0.8183
ta051,50,first,transpose,random,2,13.6477,1.1401
ta051,50,first,transpose,random,3,19.2679,0.6594
ta051,50,first,transpose,random,4,17.7397,0.6268
ta051,50,first,transpose,random,5,18.1625,0.4321
ta051,50,first,transpose,random,6,17.963,0.6047
ta051,50,first,transpose,random,7,21.8603,0.9841
ta051,50,first,transpose,random,8,12.8959,0.7312
ta051,50,first,transpose,random,9,21.8444,0.4492
ta051,50,first,transpose,random,10,13.2034,0.8378
ta051,50,first,transpose,srz,1,5.7927,0.4194
ta051,50,first,transpose,srz,2,5.7927,0.3349
ta051,50,first,transpose,srz,3,5.7927,0.3476
ta051,50,first,transpose,srz,4,5.7927,0.4122
ta051,50,first,transpose,srz,5,5.7927,0.4388
ta051,50,first,transpose,srz,6,5.7927,0.3949
ta051,50,first,transpose,srz,7,5.7927,0.3018
ta051,50,first,transpose,srz,8,5.7927,0.3023
ta051,50,first,transpose,srz,9,5.7927,0.2748
ta051,50,first,transpose,srz,10,5.7927,0.3072
ta051,50,first,exchange,random,1,2.8745,0.8065
ta051,50,first,exchange,random,2,4.7842,0.7849
ta051,50,first,exchange,random,3,4.634,0.5727
ta051,50,first,exchange,random,4,4.8978,0.8224
ta051,50,first,exchange,random,5,6.0613,0.5526
ta051,50,first,exchange,random,6,5.2833,1.1604
ta051,50,first,exchange,random,7,4.9789,0.5271
ta051,50,first,exchange,random,8,4.2128,0.7056
ta051,50,first,exchange,random,9,4.1874,0.8761
ta051,50,first,exchange,random,10,4.4194,0.4944
ta051,50,first,exchange,srz,1,4.9185,0.5351
ta051,50,first,exchange,srz,2,4.9201,0.3551
ta051,50,first,exchange,srz,3,4.0737,0.7958
ta051,50,first,exchange,srz,4,5.2531,0.4044
ta051,50,first,exchange,srz,5,4.9988,0.952
ta051,50,first,exchange,srz,6,3.461,0.9171
ta051,50,first,exchange,srz,7,5.1816,0.4634
ta051,50,first,exchange,srz,8,5.0767,0.7314
ta051,50,first,exchange,srz,9,4.9201,0.559
ta051,50,first,exchange,srz,10,5.2531,0.3294
ta051,50,first,insert,random,1,6.5795,0.7427
ta051,50,first,insert,random,2,4.4258,1.4046
ta051,50,first,insert,random,3,5.3556,0.4943
ta051,50,first,insert,random,4,4.7413,0.8672
ta051,50,first,insert,random,5,4.9209,1.428
ta051,50,first,insert,random,6,3.2941,0.8612
ta051,50,first,insert,random,7,5.0957,0.6356
ta051,50,first,insert,random,8,5.2896,1.2027
ta051,50,first,insert,random,9,2.745,0.9224
ta051,50,first,insert,random,10,3.7956,1.1828
ta051,50,first,insert,srz,1,2.2546,1.3752
ta051,50,first,insert,srz,2,2.3826,1.6156
ta051,50,first,insert,srz,3,2.6162,1.0559
ta051,50,first,insert,srz,4,3.3005,0.5528
ta051,50,first,insert,srz,5,2.5232,0.7525
ta051,50,first,insert,srz,6,3.2401,0.7347
ta051,50,first,insert,srz,7,2.6432,0.5695
ta051,50,first,insert,srz,8,2.5606,0.6416
ta051,50,first,insert,srz,9,3.2409,0.6251
ta051,50,first,insert,srz,10,2.4684,0.736
ta051,50,best,transpose,random,1,25.6455,0.0451
ta051,50,best,transpose,random,2,24.5385,0.0189
ta051,50,best,transpose,random,3,24.7817,0.0433
ta051,50,best,transpose,random,4,24.6005,0.0227
ta051,50,best,transpose,random,5,30.0864,0.0232
ta051,50,best,transpose,random,6,21.5424,0.0208
ta051,50,best,transpose,random,7,23.7525,0.0216
ta051,50,best,transpose,random,8,21.4399,0.0243
ta051,50,best,transpose,random,9,26.321,0.033
ta051,50,best,transpose,random,10,23.2216,0.0315
ta051,50,best,transpose,srz,1,5.7927,0.0965
ta051,50,best,transpose,srz,2,5.7927,0.0991
ta051,50,best,transpose,srz,3,5.7927,0.1213
ta051,50,best,transpose,srz,4,5.7927,0.0991
ta051,50,best,transpose,srz,5,5.7927,0.0972
ta051,50,best,transpose,srz,6,5.7927,0.1007
ta051,50,best,transpose,srz,7,5.7927,0.0983
ta051,50,best,transpose,srz,8,5.7927,0.0957
ta051,50,best,transpose,srz,9,5.7927,0.1066
ta051,50,best,transpose,srz,10,5.7927,0.0978
ta051,50,best,exchange,random,1,24.1777,0.2862
ta051,50,best,exchange,random,2,29.6874,0.2965
ta051,50,best,exchange,random,3,22.0439,0.3165
ta051,50,best,exchange,random,4,20.3034,0.432
ta051,50,best,exchange,random,5,19.2623,0.2894
ta051,50,best,exchange,random,6,27.7046,0.8645
ta051,50,best,exchange,random,7,29.2909,0.4477
ta051,50,best,exchange,random,8,26.7343,0.3003
ta051,50,best,exchange,random,9,25.2704,0.3321
ta051,50,best,exchange,random,10,25.2267,0.3066
ta051,50,best,exchange,srz,1,5.9071,0.3735
ta051,50,best,exchange,srz,2,5.9071,0.364
ta051,50,best,exchange,srz,3,5.9071,0.3645
ta051,50,best,exchange,srz,4,5.9071,0.3858
ta051,50,best,exchange,srz,5,5.9071,0.3759
ta051,50,best,exchange,srz,6,5.9071,0.3715
ta051,50,best,exchange,srz,7,5.9071,0.3949
ta051,50,best,exchange,srz,8,5.9071,0.3795
ta051,50,best,exchange,srz,9,5.9071,0.4271
ta051,50,best,exchange,srz,10,5.9071,0.3849
ta051,50,best,insert,random,1,25.9769,0.3435
ta051,50,best,insert,random,2,23.5165,0.325
ta051,50,best,insert,random,3,24.6338,0.3087
ta051,50,best,insert,random,4,23.6611,0.3075
ta051,50,best,insert,random,5,24.5083,0.3369
ta051,50,best,insert,random,6,24.9716,0.3302
ta051,50,best,insert,random,7,21.0139,0.3256
ta051,50,best,insert,random,8,26.4108,0.3351
ta051,50,best,insert,random,9,31.8554,0.322
ta051,50,best,insert,random,10,26.2741,0.951
ta051,50,best,insert,srz,1,5.8563,0.3826
ta051,50,best,insert,srz,2,5.8563,0.4006
ta051,50,best,insert,srz,3,5.8563,0.3883
ta051,50,best,insert,srz,4,5.8563,0.3932
ta051,50,best,insert,srz,5,5.8563,0.4204
ta051,50,best,insert,srz,6,5.8563,0.4051
ta051,50,best,insert,srz,7,5.8563,0.4308
ta051,50,best,insert,srz,8,5.8563,0.3981
ta051,50,best,insert,srz,9,5.8563,0.4203
ta051,50,best,insert,srz,10,5.8563,0.4003
ta052,50,first,transpose,random,1,25.2677,0.7309
ta052,50,first,transpose,random,2,23.6517,0.7064
ta052,50,first,transpose,random,3,19.9519,0.7595
ta052,50,first,transpose,random,4,21.8806,1.0685
ta052,50,first,transpose,random,5,16.8625,0.8378
ta052,50,first,transpose,random,6,21.406,0.8756
ta052,50,first,transpose,random,7,18.1556,1.0517
ta052,50,first,transpose,random,8,24.0677,1.0731
ta052,50,first,transpose,random,9,14.984,0.7251
ta052,50,first,transpose,random,10,15.1283,0.7761
ta052,50,first,transpose,srz,1,4.7423,0.3056
ta052,50,first,transpose,srz,2,4.7423,0.3414
ta052,50,first,transpose,srz,3,4.7381,0.3347
ta052,50,first,transpose,srz,4,4.7381,0.2745
ta052,50,first,transpose,srz,5,4.7381,0.4242
ta052,50,first,transpose,srz,6,4.7381,0.2949
ta052,50,first,transpose,srz,7,4.7381,0.3296
ta052,50,first,transpose,srz,8,4.7423,0.3153
ta052,50,first,transpose,srz,9,4.7381,0.332
ta052,50,first,transpose,srz,10,4.7381,0.2917
ta052,50,first,exchange,random,1,6.0823,0.6858
ta052,50,first,exchange,random,2,5.414,0.8519
ta052,50,first,exchange,random,3,5.5549,0.6171
ta052,50,first,exchange,random,4,6.4538,0.6002
ta052,50,first,exchange,random,5,5.7838,0.6316
ta052,50,first,exchange,random,6,3.9875,0.8535
ta052,50,first,exchange,random,7,5.1012,0.6855
ta052,50,first,exchange,random,8,3.7854,0.9471
ta052,50,first,exchange,random,9,5.3452,0.918
ta052,50,first,exchange,random,10,6.5779,0.4927
ta052,50,first,exchange,srz,1,4.4898,0.2848
ta052,50,first,exchange,srz,2,4.4898,0.254
ta052,50,first,exchange,srz,3,4.4898,0.3698
ta052,50,first,exchange,srz,4,3.8659,0.5231
ta052,50,first,exchange,srz,5,4.4898,0.3497
ta052,50,first,exchange,srz,6,3.0257,0.507
ta052,50,first,exchange,srz,7,4.4898,0.2706
ta052,50,first,exchange,srz,8,4.1334,0.4339
ta052,50,first,exchange,srz,9,2.8571,0.721
ta052,50,first,exchange,srz,10,4.4898,0.3069
ta052,50,first,insert,random,1,3.4064,0.7638
ta052,50,first,insert,random,2,4.089,0.4967
ta052,50,first,insert,random,3,3.6269,0.9107
ta052,50,first,insert,random,4,3.7234,0.6259
ta052,50,first,insert,random,5,4.6047,1.1559
ta052,50,first,insert,random,6,3.4349,1.2624
ta052,50,first,insert,random,7,6.7851,0.5907
ta052,50,first,insert,random,8,4.7062,0.897
ta052,50,first,insert,random,9,4.3699,1.0513
ta052,50,first,insert,random,10,3.4106,0.7651
ta052,50,first,insert,srz,1,3.1414,0.6111
ta052,50,first,insert,srz,2,3.1783,0.5776
ta052,50,first,insert,srz,3,2.1762,0.9759
ta052,50,first,insert,srz,4,2.8848,1.1626
ta052,50,first,insert,srz,5,2.2726,1.0073
ta052,50,first,insert,srz,6,2.9762,0.9931
ta052,50,first,insert,srz,7,3.2957,0.877
ta052,50,first,insert,srz,8,2.0915,1.1741
ta052,50,first,insert,srz,9,3.1296,0.8856
ta052,50,first,insert,srz,10,2.7154,0.9525
ta052,50,best,transpose,random,1,18.6697,0.05
ta052,50,best,transpose,random,2,25.656,0.0187
ta052,50,best,transpose,random,3,32.1694,0.0186
ta052,50,best,transpose,random,4,29.0724,0.0197
ta052,50,best,transpose,random,5,27.7659,0.02
ta052,50,best,transpose,random,6,30.9299,0.022
ta052,50,best,transpose,random,7,31.6553,0.02
ta052,50,best,transpose,random,8,29.5546,0.0404
ta052,50,best,transpose,random,9,23.6073,0.0205
ta052,50,best,transpose,random,10,23.4413,0.0187
ta052,50,best,transpose,srz,1,4.863,0.1007
ta052,50,best,transpose,srz,2,4.863,0.1034
ta052,50,best,transpose,srz,3,4.863,0.1261
ta052,50,best,transpose,srz,4,4.863,0.0989
ta052,50,best,transpose,srz,5,4.863,0.0991
ta052,50,best,transpose,srz,6,4.863,0.109
ta052,50,best,transpose,srz,7,4.863,0.1045
ta052,50,best,transpose,srz,8,4.863,0.1139
ta052,50,best,transpose,srz,9,4.863,0.1032
ta052,50,best,transpose,srz,10,4.863,0.1084
ta052,50,best,exchange,random,1,28.0351,0.4968
ta052,50,best,exchange,random,2,26.7185,0.4764
ta052,50,best,exchange,random,3,30.3303,0.4705
ta052,50,best,exchange,random,4,22.305,0.3195
ta052,50,best,exchange,random,5,29.1487,0.5936
ta052,50,best,exchange,random,6,32.9459,0.6069
ta052,50,best,exchange,random,7,27.2476,0.3057
ta052,50,best,exchange,random,8,26.9936,0.6069
ta052,50,best,exchange,random,9,23.7641,0.615
ta052,50,best,exchange,random,10,26.7738,0.3068
ta052,50,best,exchange,srz,1,5.1305,0.4095
ta052,50,best,exchange,srz,2,5.1305,0.4032
ta052,50,best,exchange,srz,3,5.1305,0.3856
ta052,50,best,exchange,srz,4,5.1305,0.3949
ta052,50,best,exchange,srz,5,5.1305,0.3848
ta052,50,best,exchange,srz,6,5.1305,0.3782
ta052,50,best,exchange,srz,7,5.1305,0.397
ta052,50,best,exchange,srz,8,5.1305,0.4039
ta052,50,best,exchange,srz,9,5.1305,0.4059
ta052,50,best,exchange,srz,10,5.1305,0.3946
ta052,50,best,insert,random,1,23.9838,0.3076
ta052,50,best,insert,random,2,26.5466,0.464
ta052,50,best,insert,random,3,25.2434,0.3366
ta052,50,best,insert,random,4,25.5931,0.3244
ta052,50,best,insert,random,5,26.5692,0.3166
ta052,50,best,insert,random,6,28.6162,0.4995
ta052,50,best,insert,random,7,29.9135,0.4711
ta052,50,best,insert,random,8,24.2589,0.3108
ta052,50,best,insert,random,9,28.4972,0.3153
ta052,50,best,insert,random,10,25.7155,0.3366
ta052,50,best,insert,srz,1,4.9511,0.5692
ta052,50,best,insert,srz,2,4.9511,0.5814
ta052,50,best,insert,srz,3,4.9511,0.5541
ta052,50,best,insert,srz,4,4.9511,0.583
ta052,50,best,insert,srz,5,4.9511,0.5555
ta052,50,best,insert,srz,6,4.9511,0.569
ta052,50,best,insert,srz,7,4.9511,0.5846
ta052,50,best,insert,srz,8,4.9511,0.5668
ta052,50,best,insert,srz,9,4.9511,0.5532
ta052,50,best,insert,srz,10,4.9511,0.5715
ta057,50,first,transpose,random,1,17.5212,0.9094
ta057,50,first,transpose,random,2,23.0306,0.6362
ta057,50,first,transpose,random,3,20.4508,0.6813
ta057,50,first,transpose,random,4,20.118,0.8083
ta057,50,first,transpose,random,5,16.0457,0.9527
ta057,50,first,transpose,random,6,16.2549,0.6132
ta057,50,first,transpose,random,7,19.3783,0.5306
ta057,50,first,transpose,random,8,17.3454,0.8991
ta057,50,first,transpose,random,9,17.3828,0.9469
ta057,50,first,transpose,random,10,20.446,0.62
ta057,50,first,transpose,srz,1,4.6989,0.2455
ta057,50,first,transpose,srz,2,4.6989,0.2457
ta057,50,first,transpose,srz,3,4.6989,0.2636
ta057,50,first,transpose,srz,4,4.6989,0.2534
ta057,50,first,transpose,srz,5,4.6989,0.2388
ta057,50,first,transpose,srz,6,4.6989,0.2571
ta057,50,first,transpose,srz,7,4.6989,0.252
ta057,50,first,transpose,srz,8,4.6989,0.2513
ta057,50,first,transpose,srz,9,4.6989,0.2425
ta057,50,first,transpose,srz,10,4.6989,0.2356
ta057,50,first,exchange,random,1,3.3634,1.5415
ta057,50,first,exchange,random,2,5.6421,0.7855
ta057,50,first,exchange,random,3,4.6639,0.6333
ta057,50,first,exchange,random,4,4.5801,0.6915
ta057,50,first,exchange,random,5,4.9618,0.9085
ta057,50,first,exchange,random,6,4.8853,1.0487
ta057,50,first,exchange,random,7,4.8975,0.4871
ta057,50,first,exchange,random,8,5.2165,0.6227
ta057,50,first,exchange,random,9,4.5915,0.986
ta057,50,first,exchange,random,10,4.0177,1.2452
ta057,50,first,exchange,srz,1,4.4531,0.4519
ta057,50,first,exchange,srz,2,4.3913,0.4107
ta057,50,first,exchange,srz,3,4.6118,0.3888
ta057,50,first,exchange,srz,4,4.3913,0.3138
ta057,50,first,exchange,srz,5,4.5011,0.3339
ta057,50,first,exchange,srz,6,4.3319,0.3601
ta057,50,first,exchange,srz,7,4.4637,0.3154
ta057,50,first,exchange,srz,8,4.5011,0.3025
ta057,50,first,exchange,srz,9,4.3872,0.599
ta057,50,first,exchange,srz,10,4.5011,0.4348
ta057,50,first,insert,random,1,4.41,0.7878
ta057,50,first,insert,random,2,4.0682,1.2706
ta057,50,first,insert,random,3,2.9354,0.8302
ta057,50,first,insert,random,4,2.9769,0.9499
ta057,50,first,insert,random,5,3.6198,1.0257
ta057,50,first,insert,random,6,4.4132,0.7105
ta057,50,first,insert,random,7,1.6553,1.2125
ta057,50,first,insert,random,8,3.4359,0.5625
ta057,50,first,insert,random,9,3.6401,0.868
ta057,50,first,insert,random,10,3.4717,0.9782
ta057,50,first,insert,srz,1,3.501,0.8223
ta057,50,first,insert,srz,2,3.0737,1.1852
ta057,50,first,insert,srz,3,3.3219,0.4746
ta057,50,first,insert,srz,4,2.8206,1.2793
ta057,50,first,insert,srz,5,3.8843,0.4588
ta057,50,first,insert,srz,6,3.9591,0.4563
ta057,50,first,insert,srz,7,3.6312,0.5301
ta057,50,first,insert,srz,8,2.8621,0.8798
ta057,50,first,insert,srz,9,3.3097,0.6672
ta057,50,first,insert,srz,10,3.3651,0.9747
ta057,50,best,transpose,random,1,27.9712,0.0523
ta057,50,best,transpose,random,2,20.1864,0.0511
ta057,50,best,transpose,random,3,23.7671,0.0238
ta057,50,best,transpose,random,4,21.7049,0.0303
ta057,50,best,transpose,random,5,26.2118,0.0341
ta057,50,best,transpose,random,6,20.7406,0.025
ta057,50,best,transpose,random,7,22.5016,0.0361
ta057,50,best,transpose,random,8,27.5789,0.0252
ta057,50,best,transpose,random,9,21.862,0.0264
ta057,50,best,transpose,random,10,25.4655,0.0311
ta057,50,best,transpose,srz,1,4.6989,0.0935
ta057,50,best,transpose,srz,2,4.6989,0.0932
ta057,50,best,transpose,srz,3,4.6989,0.095
ta057,50,best,transpose,srz,4,4.6989,0.1012
ta057,50,best,transpose,srz,5,4.6989,0.1077
ta057,50,best,transpose,srz,6,4.6989,0.0882
ta057,50,best,transpose,srz,7,4.6989,0.0902
ta057,50,best,transpose,srz,8,4.6989,0.0934
ta057,50,best,transpose,srz,9,4.6989,0.0912
ta057,50,best,transpose,srz,10,4.6989,0.1063
ta057,50,best,exchange,random,1,26.4404,0.3328
ta057,50,best,exchange,random,2,24.7168,0.516
ta057,50,best,exchange,random,3,24.3416,0.6721
ta057,50,best,exchange,random,4,24.1781,0.5133
ta057,50,best,exchange,random,5,24.62,0.3432
ta057,50,best,exchange,random,6,23.4237,0.4916
ta057,50,best,exchange,random,7,22.9378,0.6695
ta057,50,best,exchange,random,8,27.3779,0.3329
ta057,50,best,exchange,random,9,20.5558,0.6939
ta057,50,best,exchange,random,10,22.9793,0.381
ta057,50,best,exchange,srz,1,4.585,0.696
ta057,50,best,exchange,srz,2,4.585,0.7042
ta057,50,best,exchange,srz,3,4.585,0.7037
ta057,50,best,exchange,srz,4,4.585,0.7061
ta057,50,best,exchange,srz,5,4.585,0.6972
ta057,50,best,exchange,srz,6,4.585,0.7362
ta057,50,best,exchange,srz,7,4.585,0.7045
ta057,50,best,exchange,srz,8,4.585,0.718
ta057,50,best,exchange,srz,9,4.585,0.7095
ta057,50,best,exchange,srz,10,4.585,0.7387
ta057,50,best,insert,random,1,25.0301,0.3274
ta057,50,best,insert,random,2,22.1965,0.3385
ta057,50,best,insert,random,3,24.9536,0.3253
ta057,50,best,insert,random,4,22.6465,0.3315
ta057,50,best,insert,random,5,26.8473,0.4833
ta057,50,best,insert,random,6,24.6753,0.3434
ta057,50,best,insert,random,7,29.4596,0.6457
ta057,50,best,insert,random,8,22.9915,0.332
ta057,50,best,insert,random,9,28.4782,0.4949
ta057,50,best,insert,random,10,22.5317,0.6825
ta057,50,best,insert,srz,1,4.6989,0.4066
ta057,50,best,insert,srz,2,4.6989,0.417
ta057,50,best,insert,srz,3,4.6989,0.4062
ta057,50,best,insert,srz,4,4.6989,0.4078
ta057,50,best,insert,srz,5,4.6989,0.4039
ta057,50,best,insert,srz,6,4.6989,0.4089
ta057,50,best,insert,srz,7,4.6989,0.4311
ta057,50,best,insert,srz,8,4.6989,0.451
ta057,50,best,insert,srz,9,4.6989,0.4277
ta057,50,best,insert,srz,10,4.6989,0.4047
ta056,50,first,transpose,random,1,17.5783,0.6143
ta056,50,first,transpose,random,2,21.8624,0.7314
ta056,50,first,transpose,random,3,17.7516,0.6457
ta056,50,first,transpose,random,4,20.3166,0.834
ta056,50,first,transpose,random,5,18.8853,0.6375
ta056,50,first,transpose,random,6,18.129,0.9769
ta056,50,first,transpose,random,7,21.3076,0.7311
ta056,50,first,transpose,random,8,20.4568,0.6104
ta056,50,first,transpose,random,9,20.3365,0.463
ta056,50,first,transpose,random,10,16.817,1.0335
ta056,50,first,transpose,srz,1,6.6185,0.466
ta056,50,first,transpose,srz,2,6.6185,0.3711
ta056,50,first,transpose,srz,3,6.6185,0.3652
ta056,50,first,transpose,srz,4,6.6185,0.3908
ta056,50,first,transpose,srz,5,6.6185,0.3591
ta056,50,first,transpose,srz,6,6.6185,0.3451
ta056,50,first,transpose,srz,7,6.6185,0.4287
ta056,50,first,transpose,srz,8,6.6185,0.3459
ta056,50,first,transpose,srz,9,6.6185,0.3064
ta056,50,first,transpose,srz,10,6.6185,0.3598
ta056,50,first,exchange,random,1,4.6863,0.8581
ta056,50,first,exchange,random,2,4.9085,0.4197
ta056,50,first,exchange,random,3,4.1323,0.8127
ta056,50,first,exchange,random,4,4.4674,0.8992
ta056,50,first,exchange,random,5,4.8223,0.8206
ta056,50,first,exchange,random,6,4.3231,0.5784
ta056,50,first,exchange,random,7,4.3231,0.7151
ta056,50,first,exchange,random,8,4.5478,0.9161
ta056,50,first,exchange,random,9,6.1417,0.498
ta056,50,first,exchange,random,10,3.5493,0.5401
ta056,50,first,exchange,srz,1,2.5409,1.0412
ta056,50,first,exchange,srz,2,4.3902,0.6465
ta056,50,first,exchange,srz,3,2.6255,0.6765
ta056,50,first,exchange,srz,4,3.1198,0.7056
ta056,50,first,exchange,srz,5,3.7873,0.7091
ta056,50,first,exchange,srz,6,3.2077,0.7165
ta056,50,first,exchange,srz,7,3.1214,0.777
ta056,50,first,exchange,srz,8,4.3297,0.8331
ta056,50,first,exchange,srz,9,3.7931,0.6129
ta056,50,first,exchange,srz,10,3.478,0.8173
ta056,50,first,insert,random,1,4.1763,0.744
ta056,50,first,insert,random,2,3.5974,0.7648
ta056,50,first,insert,random,3,3.3014,1.3036
ta056,50,first,insert,random,4,3.9333,0.7631
ta056,50,first,insert,random,5,3.8752,1.1207
ta056,50,first,insert,random,6,4.1356,0.7266
ta056,50,first,insert,random,7,3.3603,1.0435
ta056,50,first,insert,random,8,3.3926,0.9005
ta056,50,first,insert,random,9,3.5817,1.3299
ta056,50,first,insert,random,10,3.1057,0.8289
ta056,50,first,insert,srz,1,2.6852,0.6817
ta056,50,first,insert,srz,2,2.8187,0.7191
ta056,50,first,insert,srz,3,3.8172,0.5563
ta056,50,first,insert,srz,4,3.114,0.7963
ta056,50,first,insert,srz,5,3.1322,0.5916
ta056,50,first,insert,srz,6,3.619,0.5713
ta056,50,first,insert,srz,7,1.9654,0.7299
ta056,50,first,insert,srz,8,2.9481,0.4799
ta056,50,first,insert,srz,9,3.012,0.5744
ta056,50,first,insert,srz,10,2.7176,0.4306
ta056,50,best,transpose,random,1,24.2682,0.042
ta056,50,best,transpose,random,2,24.4506,0.0194
ta056,50,best,transpose,random,3,23.676,0.0194
ta056,50,best,transpose,random,4,35.976,0.0277
ta056,50,best,transpose,random,5,25.0551,0.0204
ta056,50,best,transpose,random,6,29.9247,0.03
ta056,50,best,transpose,random,7,25.6555,0.0207
ta056,50,best,transpose,random,8,28.0265,0.0287
ta056,50,best,transpose,random,9,24.7724,0.0212
ta056,50,best,transpose,random,10,22.3998,0.027
ta056,50,best,transpose,srz,1,6.6334,0.1041
ta056,50,best,transpose,srz,2,6.6334,0.1023
ta056,50,best,transpose,srz,3,6.6334,0.1069
ta056,50,best,transpose,srz,4,6.6334,0.1065
ta056,50,best,transpose,srz,5,6.6334,0.1218
ta056,50,best,transpose,srz,6,6.6334,0.1059
ta056,50,best,transpose,srz,7,6.6334,0.1053
ta056,50,best,transpose,srz,8,6.6334,0.1098
ta056,50,best,transpose,srz,9,6.6334,0.1058
ta056,50,best,transpose,srz,10,6.6334,0.1117
ta056,50,best,exchange,random,1,25.1696,0.4683
ta056,50,best,exchange,random,2,27.9452,0.4604
ta056,50,best,exchange,random,3,25.2832,0.7874
ta056,50,best,exchange,random,4,27.2876,0.3268
ta056,50,best,exchange,random,5,29.1651,0.3196
ta056,50,best,exchange,random,6,25.8106,0.314
ta056,50,best,exchange,random,7,21.0646,0.3311
ta056,50,best,exchange,random,8,25.4731,0.6826
ta056,50,best,exchange,random,9,26.8605,0.3264
ta056,50,best,exchange,random,10,25.59,0.3412
ta056,50,best,exchange,srz,1,6.6865,0.4194
ta056,50,best,exchange,srz,2,6.6865,0.4192
ta056,50,best,exchange,srz,3,6.6865,0.4058
ta056,50,best,exchange,srz,4,6.6865,0.3947
ta056,50,best,exchange,srz,5,6.6865,0.4029
ta056,50,best,exchange,srz,6,6.6865,0.4159
ta056,50,best,exchange,srz,7,6.6865,0.4081
ta056,50,best,exchange,srz,8,6.6865,0.4301
ta056,50,best,exchange,srz,9,6.6865,0.4018
ta056,50,best,exchange,srz,10,6.6865,0.4119
ta056,50,best,insert,random,1,21.9586,0.4893
ta056,50,best,insert,random,2,20.6342,0.3288
ta056,50,best,insert,random,3,26.0412,0.3486
ta056,50,best,insert,random,4,28.6741,0.3205
ta056,50,best,insert,random,5,25.2451,0.6813
ta056,50,best,insert,random,6,24.9805,0.4985
ta056,50,best,insert,random,7,28.4577,0.4943
ta056,50,best,insert,random,8,25.0377,0.4886
ta056,50,best,insert,random,9,21.7057,0.4947
ta056,50,best,insert,random,10,24.3436,0.3208
ta056,50,best,insert,srz,1,6.6832,0.5908
ta056,50,best,insert,srz,2,6.6832,0.6266
ta056,50,best,insert,srz,3,6.6832,0.5858
ta056,50,best,insert,srz,4,6.6832,0.5757
ta056,50,best,insert,srz,5,6.6832,0.5809
ta056,50,best,insert,srz,6,6.6832,0.5759
ta056,50,best,insert,srz,7,6.6832,0.5828
ta056,50,best,insert,srz,8,6.6832,0.5377
ta056,50,best,insert,srz,9,6.6832,0.5497
ta056,50,best,insert,srz,10,6.6832,0.5167
ta054,50,first,transpose,random,1,19.6115,0.9815
ta054,50,first,transpose,random,2,17.6865,1.0522
ta054,50,first,transpose,random,3,20.0622,0.7922
ta054,50,first,transpose,random,4,11.4543,1.0245
ta054,50,first,transpose,random,5,20.2634,0.4916
ta054,50,first,transpose,random,6,21.4949,0.9724
ta054,50,first,transpose,random,7,22.2175,0.7528
ta054,50,first,transpose,random,8,20.5071,0.566
ta054,50,first,transpose,random,9,17.7406,0.8429
ta054,50,first,transpose,random,10,21.6546,1.1328
ta054,50,first,transpose,srz,1,6.2156,0.4781
ta054,50,first,transpose,srz,2,6.2572,0.6232
ta054,50,first,transpose,srz,3,6.2572,0.4593
ta054,50,first,transpose,srz,4,6.2747,0.6817
ta054,50,first,transpose,srz,5,6.2156,0.424
ta054,50,first,transpose,srz,6,6.2572,0.5026
ta054,50,first,transpose,srz,7,6.2921,0.4942
ta054,50,first,transpose,srz,8,6.1242,0.6235
ta054,50,first,transpose,srz,9,6.2572,0.4514
ta054,50,first,transpose,srz,10,6.2572,0.4215
ta054,50,first,exchange,random,1,5.3941,0.5959
ta054,50,first,exchange,random,2,4.9334,0.4907
ta054,50,first,exchange,random,3,6.0111,0.3646
ta054,50,first,exchange,random,4,5.7092,0.5213
ta054,50,first,exchange,random,5,4.2441,0.4929
ta054,50,first,exchange,random,6,6.2805,0.4368
ta054,50,first,exchange,random,7,4.5667,0.594
ta054,50,first,exchange,random,8,4.4162,0.45
ta054,50,first,exchange,random,9,4.9642,0.5723
ta054,50,first,exchange,random,10,5.592,0.2698
ta054,50,first,exchange,srz,1,4.4545,1.0283
ta054,50,first,exchange,srz,2,4.2782,0.4885
ta054,50,first,exchange,srz,3,4.4154,0.5802
ta054,50,first,exchange,srz,4,3.963,0.5874
ta054,50,first,exchange,srz,5,3.4616,0.8078
ta054,50,first,exchange,srz,6,4.2732,0.7176
ta054,50,first,exchange,srz,7,4.7813,0.45
ta054,50,first,exchange,srz,8,4.3913,0.4683
ta054,50,first,exchange,srz,9,4.5692,0.5985
ta054,50,first,exchange,srz,10,4.368,0.3809
ta054,50,first,insert,random,1,4.7937,1.0316
ta054,50,first,insert,random,2,4.9891,1.1286
ta054,50,first,insert,random,3,4.4512,0.7474
ta054,50,first,insert,random,4,5.0108,1.2417
ta054,50,first,insert,random,5,3.9431,0.7909
ta054,50,first,insert,random,6,2.9694,1.3203
ta054,50,first,insert,random,7,3.687,0.5085
ta054,50,first,insert,random,8,4.1443,0.8682
ta054,50,first,insert,random,9,3.4034,0.8909
ta054,50,first,insert,random,10,5.2636,0.5219
ta054,50,first,insert,srz,1,2.2484,0.4358
ta054,50,first,insert,srz,2,3.7552,0.4531
ta054,50,first,insert,srz,3,3.6504,0.6001
ta054,50,first,insert,srz,4,2.5761,0.8634
ta054,50,first,insert,srz,5,3.8865,0.2386
ta054,50,first,insert,srz,6,3.3419,0.3147
ta054,50,first,insert,srz,7,2.2825,0.5872
ta054,50,first,insert,srz,8,3.1997,0.561
ta054,50,first,insert,srz,9,3.6047,0.4683
ta054,50,first,insert,srz,10,3.0134,0.3954
ta054,50,best,transpose,random,1,27.5276,0.0283
ta054,50,best,transpose,random,2,29.5075,0.0372
ta054,50,best,transpose,random,3,28.977,0.0236
ta054,50,best,transpose,random,4,28.3093,0.0193
ta054,50,best,transpose,random,5,27.1659,0.0343
ta054,50,best,transpose,random,6,26.2887,0.0348
ta054,50,best,transpose,random,7,29.7445,0.0193
ta054,50,best,transpose,random,8,28.1438,0.0248
ta054,50,best,transpose,random,9,23.6536,0.0234
ta054,50,best,transpose,random,10,23.6303,0.0408
ta054,50,best,transpose,srz,1,6.9366,0.1057
ta054,50,best,transpose,srz,2,6.9366,0.1047
ta054,50,best,transpose,srz,3,6.9366,0.1168
ta054,50,best,transpose,srz,4,6.9366,0.0976
ta054,50,best,transpose,srz,5,6.9366,0.1016
ta054,50,best,transpose,srz,6,6.9366,0.1081
ta054,50,best,transpose,srz,7,6.9366,0.1053
ta054,50,best,transpose,srz,8,6.9366,0.1005
ta054,50,best,transpose,srz,9,6.9366,0.0998
ta054,50,best,transpose,srz,10,6.9366,0.1064
ta054,50,best,exchange,random,1,22.1685,0.3391
ta054,50,best,exchange,random,2,21.4475,0.6723
ta054,50,best,exchange,random,3,23.7542,0.485
ta054,50,best,exchange,random,4,29.7944,0.3144
ta054,50,best,exchange,random,5,27.9409,0.3178
ta054,50,best,exchange,random,6,24.2597,0.4729
ta054,50,best,exchange,random,7,30.4155,0.4698
ta054,50,best,exchange,random,8,24.3121,0.317
ta054,50,best,exchange,random,9,24.3446,0.3533
ta054,50,best,exchange,random,10,29.4011,0.3172
ta054,50,best,exchange,srz,1,6.9765,0.4547
ta054,50,best,exchange,srz,2,6.9765,0.4292
ta054,50,best,exchange,srz,3,6.9765,0.4244
ta054,50,best,exchange,srz,4,6.9765,0.4515
ta054,50,best,exchange,srz,5,6.9765,0.4295
ta054,50,best,exchange,srz,6,6.9765,0.4271
ta054,50,best,exchange,srz,7,6.9765,0.4314
ta054,50,best,exchange,srz,8,6.9765,0.4355
ta054,50,best,exchange,srz,9,6.9765,0.424
ta054,50,best,exchange,srz,10,6.9765,0.4046
ta054,50,best,insert,random,1,26.0691,0.358
ta054,50,best,insert,random,2,29.7553,0.5599
ta054,50,best,insert,random,3,30.4637,0.5308
ta054,50,best,insert,random,4,29.7154,0.3429
ta054,50,best,insert,random,5,24.4568,0.3493
ta054,50,best,insert,random,6,25.196,0.4931
ta054,50,best,insert,random,7,26.2363,0.3163
ta054,50,best,insert,random,8,28.7683,0.5149
ta054,50,best,insert,random,9,22.0728,0.4808
ta054,50,best,insert,random,10,28.0141,0.304
ta054,50,best,insert,srz,1,6.9241,0.3901
ta054,50,best,insert,srz,2,6.9241,0.3475
ta054,50,best,insert,srz,3,6.9241,0.35
ta054,50,best,insert,srz,4,6.9241,0.3371
ta054,50,best,insert,srz,5,6.9241,0.341
ta054,50,best,insert,srz,6,6.9241,0.3247
ta054,50,best,insert,srz,7,6.9241,0.3557
ta054,50,best,insert,srz,8,6.9241,0.3127
ta054,50,best,insert,srz,9,6.9241,0.3119
ta054,50,best,insert,srz,10,6.9241,0.3193
ta059,50,first,transpose,random,1,14.9616,0.3505
ta059,50,first,transpose,random,2,18.1321,0.9154
ta059,50,first,transpose,random,3,17.6685,0.9219
ta059,50,first,transpose,random,4,21.1049,0.6855
ta059,50,first,transpose,random,5,19.875,0.7557
ta059,50,first,transpose,random,6,18.2839,0.3996
ta059,50,first,transpose,random,7,21.0672,0.3431
ta059,50,first,transpose,random,8,21.781,0.7428
ta059,50,first,transpose,random,9,27.9654,0.8596
ta059,50,first,transpose,random,10,16.6658,0.9869
ta059,50,first,transpose,srz,1,5.4836,0.3649
ta059,50,first,transpose,srz,2,5.4836,0.2641
ta059,50,first,transpose,srz,3,5.4836,0.2518
ta059,50,first,transpose,srz,4,5.4836,0.3023
ta059,50,first,transpose,srz,5,5.4065,0.282
ta059,50,first,transpose,srz,6,5.4065,0.2626
ta059,50,first,transpose,srz,7,5.4065,0.2858
ta059,50,first,transpose,srz,8,5.4065,0.3302
ta059,50,first,transpose,srz,9,5.4065,0.2115
ta059,50,first,transpose,srz,10,5.4065,0.2704
ta059,50,first,exchange,random,1,5.9275,0.2707
ta059,50,first,exchange,random,2,3.2821,0.6368
ta059,50,first,exchange,random,3,3.9755,0.6829
ta059,50,first,exchange,random,4,7.5604,0.6113
ta059,50,first,exchange,random,5,5.3228,0.4032
ta059,50,first,exchange,random,6,4.0986,0.5178
ta059,50,first,exchange,random,7,4.7862,0.483
ta059,50,first,exchange,random,8,4.6057,0.2911
ta059,50,first,exchange,random,9,4.1486,0.4245
ta059,50,first,exchange,random,10,6.5446,0.2824
ta059,50,first,exchange,srz,1,4.2356,0.4997
ta059,50,first,exchange,srz,2,3.2091,0.869
ta059,50,first,exchange,srz,3,4.2381,0.4212
ta059,50,first,exchange,srz,4,4.3135,0.654
ta059,50,first,exchange,srz,5,3.7523,0.6491
ta059,50,first,exchange,srz,6,3.5849,0.7528
ta059,50,first,exchange,srz,7,2.7849,0.6679
ta059,50,first,exchange,srz,8,3.7326,0.6499
ta059,50,first,exchange,srz,9,3.4897,0.8035
ta059,50,first,exchange,srz,10,4.1552,0.3241
ta059,50,first,insert,random,1,3.1763,0.9833
ta059,50,first,insert,random,2,3.0622,0.8669
ta059,50,first,insert,random,3,3.7794,0.5945
ta059,50,first,insert,random,4,3.2304,0.8563
ta059,50,first,insert,random,5,3.5439,0.7414
ta059,50,first,insert,random,6,4.8141,0.664
ta059,50,first,insert,random,7,3.8598,0.4882
ta059,50,first,insert,random,8,2.5502,0.6727
ta059,50,first,insert,random,9,4.4251,0.4322
ta059,50,first,insert,random,10,4.0986,0.3122
ta059,50,first,insert,srz,1,3.4602,0.3008
ta059,50,first,insert,srz,2,3.0844,0.4573
ta059,50,first,insert,srz,3,2.6232,0.3458
ta059,50,first,insert,srz,4,2.7266,0.3984
ta059,50,first,insert,srz,5,3.1746,0.3276
ta059,50,first,insert,srz,6,3.1377,0.4268
ta059,50,first,insert,srz,7,3.484,0.3123
ta059,50,first,insert,srz,8,2.6905,0.5232
ta059,50,first,insert,srz,9,3.0269,0.4304
ta059,50,first,insert,srz,10,2.6979,0.3931
ta059,50,best,transpose,random,1,22.6336,0.0349
ta059,50,best,transpose,random,2,25.576,0.0278
ta059,50,best,transpose,random,3,31.52,0.0202
ta059,50,best,transpose,random,4,21.6793,0.0197
ta059,50,best,transpose,random,5,20.7053,0.0198
ta059,50,best,transpose,random,6,22.8978,0.0392
ta059,50,best,transpose,random,7,26.1373,0.0274
ta059,50,best,transpose,random,8,24.1672,0.0221
ta059,50,best,transpose,random,9,24.1286,0.0416
ta059,50,best,transpose,random,10,22.8067,0.0205
ta059,50,best,transpose,srz,1,5.5517,0.1003
ta059,50,best,transpose,srz,2,5.5517,0.0995
ta059,50,best,transpose,srz,3,5.5517,0.1015
ta059,50,best,transpose,srz,4,5.5517,0.0978
ta059,50,best,transpose,srz,5,5.5517,0.1046
ta059,50,best,transpose,srz,6,5.5517,0.099
ta059,50,best,transpose,srz,7,5.5517,0.101
ta059,50,best,transpose,srz,8,5.5517,0.102
ta059,50,best,transpose,srz,9,5.5517,0.1091
ta059,50,best,transpose,srz,10,5.5517,0.1056
ta059,50,best,exchange,random,1,26.1225,0.4727
ta059,50,best,exchange,random,2,24.3567,0.4723
ta059,50,best,exchange,random,3,25.6523,0.4644
ta059,50,best,exchange,random,4,26.8569,0.6134
ta059,50,best,exchange,random,5,29.357,0.4435
ta059,50,best,exchange,random,6,27.7463,0.5827
ta059,50,best,exchange,random,7,27.6725,0.293
ta059,50,best,exchange,random,8,30.8381,0.9374
ta059,50,best,exchange,random,9,26.8199,0.3826
ta059,50,best,exchange,random,10,21.3035,0.2632
ta059,50,best,exchange,srz,1,5.5903,0.4256
ta059,50,best,exchange,srz,2,5.5903,0.4176
ta059,50,best,exchange,srz,3,5.5903,0.4023
ta059,50,best,exchange,srz,4,5.5903,0.4244
ta059,50,best,exchange,srz,5,5.5903,0.3942
ta059,50,best,exchange,srz,6,5.5903,0.3957
ta059,50,best,exchange,srz,7,5.5903,0.3962
ta059,50,best,exchange,srz,8,5.5903,0.3838
ta059,50,best,exchange,srz,9,5.5903,0.3681
ta059,50,best,exchange,srz,10,5.5903,0.3292
ta059,50,best,insert,random,1,26.0716,0.2512
ta059,50,best,insert,random,2,32.6818,0.2887
ta059,50,best,insert,random,3,23.0315,0.2488
ta059,50,best,insert,random,4,26.8413,0.7698
ta059,50,best,insert,random,5,27.3894,0.2525
ta059,50,best,insert,random,6,26.3219,0.2094
ta059,50,best,insert,random,7,22.1191,0.2082
ta059,50,best,insert,random,8,23.1464,0.2587
ta059,50,best,insert,random,9,28.1673,0.2533
ta059,50,best,insert,random,10,25.3372,0.3265
ta059,50,best,insert,srz,1,5.5796,0.7071
ta059,50,best,insert,srz,2,5.5796,0.6738
ta059,50,best,insert,srz,3,5.5796,0.6619
ta059,50,best,insert,srz,4,5.5796,0.5936
ta059,50,best,insert,srz,5,5.5796,0.5999
ta059,50,best,insert,srz,6,5.5796,0.5184
ta059,50,best,insert,srz,7,5.5796,0.5309
ta059,50,best,insert,srz,8,5.5796,0.5112
ta059,50,best,insert,srz,9,5.5796,0.4974
ta059,50,best,insert,srz,10,5.5796,0.4887
